team_name_1,team_1_pf,team_1_pf_timestamp,team_1_pa,team_1_pa_timestamp,team_name_2,team_2_pf,team_2_pf_timestamp,team_2_pa,team_2_pa_timestamp,team_1_adj_pts,team_2_adj_pts,total_adj_points,team_1_win_percentage,team_2_win_percentage
Tennessee,18.2,10/31/23 15:59,20.55,10/31/23 15:58,Pittsburgh,17.1,10/31/23 15:59,20.7,10/31/23 15:58,19.41,18.746,38.156,0.518,0.482
Miami,28.85,10/31/23 15:59,24.8,10/31/23 15:58,Kansas City,26.3,10/31/23 15:59,19.15,10/31/23 15:58,23.505,25.539,49.044,0.443,0.557
Chicago,20.3,10/31/23 15:59,27.25,10/31/23 15:58,New Orleans,20.4,10/31/23 15:59,19.8,10/31/23 15:58,20.048,23.578,43.626,0.402,0.598
Washington,20.15,10/31/23 15:59,24.35,10/31/23 15:58,New England,18.1,10/31/23 15:59,23.2,10/31/23 15:58,21.621,20.994,42.615,0.518,0.482
Tampa Bay,17.75,10/31/23 15:59,19.95,10/31/23 15:58,Houston,19.05,10/31/23 15:59,21.5,10/31/23 15:58,19.535,19.495,39.03,0.501,0.499
LA Rams,20,10/31/23 15:59,22.8,10/31/23 15:58,Green Bay,20.9,10/31/23 15:59,22.05,10/31/23 15:58,21,21.829,42.829,0.477,0.523
Arizona,19.45,10/31/23 15:59,26.5,10/31/23 15:58,Cleveland,21.6,10/31/23 15:59,21.15,10/31/23 15:58,20.282,23.925,44.207,0.398,0.602
Seattle,23.95,10/31/23 15:59,22.15,10/31/23 15:58,Baltimore,22.85,10/31/23 15:59,16.95,10/31/23 15:58,20.148,22.497,42.646,0.435,0.565
Minnesota,23.4,10/31/23 15:59,22.85,10/31/23 15:58,Atlanta,19.4,10/31/23 15:59,21.4,10/31/23 15:58,22.378,21.054,43.432,0.538,0.462
Indianapolis,21.3,10/31/23 15:59,26.85,10/31/23 15:58,Carolina,19.25,10/31/23 15:59,25.2,10/31/23 15:58,23.168,22.735,45.903,0.512,0.488
NY Giants,16.55,10/31/23 15:59,23.1,10/31/23 15:58,Las Vegas,19.5,10/31/23 15:59,24,10/31/23 15:58,19.93,21.224,41.154,0.463,0.537
Dallas,27.45,10/31/23 15:59,18.4,10/31/23 15:58,Philadelphia,28.55,10/31/23 15:59,20.65,10/31/23 15:58,23.808,22.92,46.728,0.525,0.475
Buffalo,27.75,10/31/23 15:59,18.05,10/31/23 15:58,Cincinnati,22.2,10/31/23 15:59,20.1,10/31/23 15:58,23.617,20.018,43.635,0.6,0.4
LA Chargers,24.15,10/31/23 15:59,23.55,10/31/23 15:58,NY Jets,17.7,10/31/23 15:59,18.5,10/31/23 15:58,21.137,20.417,41.554,0.521,0.479
Carolina,18.95,2023-11-07 11:37:50,25.15,2023-11-07 11:38:05,Chicago,20.05,2023-11-07 11:37:50,27.05,2023-11-07 11:38:05,22.641,22.456,45.096,0.506,0.494
Indianapolis,21.4,2023-11-07 11:37:50,26.0,2023-11-07 11:38:05,New England,18.2,2023-11-07 11:37:50,22.85,2023-11-07 11:38:05,22.113,21.753,43.866,0.51,0.49
Tennessee,18.0,2023-11-07 11:37:50,20.55,2023-11-07 11:38:05,Tampa Bay,19.0,2023-11-07 11:37:50,21.25,2023-11-07 11:38:05,19.558,19.76,39.317,0.494,0.506
Green Bay,20.9,2023-11-07 11:37:50,20.85,2023-11-07 11:38:05,Pittsburgh,17.35,2023-11-07 11:37:50,20.4,2023-11-07 11:38:05,20.648,19.02,39.668,0.546,0.454
New Orleans,20.55,2023-11-07 11:37:50,19.65,2023-11-07 11:38:05,Minnesota,23.9,2023-11-07 11:37:50,23.25,2023-11-07 11:38:05,21.858,21.671,43.529,0.505,0.495
San Francisco,26.6,2023-11-07 11:37:50,17.35,2023-11-07 11:38:06,Jacksonville,24.0,2023-11-07 11:37:50,20.45,2023-11-07 11:38:06,23.323,20.406,43.729,0.582,0.418
Houston,20.2,2023-11-07 11:37:51,22.65,2023-11-07 11:38:06,Cincinnati,22.55,2023-11-07 11:37:51,19.95,2023-11-07 11:38:06,20.075,22.6,42.675,0.43,0.57
Cleveland,21.9,2023-11-07 11:37:51,19.9,2023-11-07 11:38:06,Baltimore,23.5,2023-11-07 11:37:51,16.3,2023-11-07 11:38:06,18.894,21.625,40.519,0.423,0.577
Atlanta,19.95,2023-11-07 11:37:51,22.0,2023-11-07 11:38:06,Arizona,18.4,2023-11-07 11:37:51,26.55,2023-11-07 11:38:06,23.015,20.12,43.134,0.581,0.419
Detroit,25.8,2023-11-07 11:37:51,22.85,2023-11-07 11:38:06,LA Chargers,24.25,2023-11-07 11:37:51,22.45,2023-11-07 11:38:06,24.067,23.54,47.606,0.515,0.485
NY Giants,16.2,2023-11-07 11:37:51,23.45,2023-11-07 11:38:06,Dallas,27.15,2023-11-07 11:37:51,19.1,2023-11-07 11:38:06,17.59,25.232,42.823,0.294,0.706
Washington,20.05,2023-11-07 11:37:51,23.7,2023-11-07 11:38:06,Seattle,22.65,2023-11-07 11:37:51,23.25,2023-11-07 11:38:06,21.591,23.169,44.76,0.455,0.545
NY Jets,16.95,2023-11-07 11:37:51,19.05,2023-11-07 11:38:06,Las Vegas,20.25,2023-11-07 11:37:51,23.0,2023-11-07 11:38:06,19.745,19.641,39.385,0.503,0.497
Denver,19.2,2023-11-07 11:37:51,24.7,2023-11-07 11:38:06,Buffalo,27.2,2023-11-07 11:37:51,18.45,2023-11-07 11:38:06,18.821,25.92,44.741,0.308,0.692
Cincinnati,22.95,2023-11-14 11:38:14,20.45,2023-11-14 11:38:26,Baltimore,23.7,2023-11-14 11:38:14,17.25,2023-11-14 11:38:26,19.897,22.015,41.912,0.441,0.559
NY Giants,16.5,2023-11-14 11:38:14,24.7,2023-11-14 11:38:26,Washington,20.3,2023-11-14 11:38:14,23.8,2023-11-14 11:38:26,19.817,22.392,42.209,0.428,0.572
Las Vegas,20.2,2023-11-14 11:38:14,22.55,2023-11-14 11:38:26,Miami,27.75,2023-11-14 11:38:14,24.55,2023-11-14 11:38:26,22.269,25.015,47.284,0.423,0.577
Tennessee,17.3,2023-11-14 11:38:14,20.55,2023-11-14 11:38:26,Jacksonville,22.85,2023-11-14 11:38:14,21.25,2023-11-14 11:38:26,19.174,21.67,40.843,0.43,0.57
Arizona,18.8,2023-11-14 11:38:15,26.35,2023-11-14 11:38:26,Houston,20.55,2023-11-14 11:38:15,23.0,2023-11-14 11:38:26,20.794,23.27,44.064,0.43,0.57
LA Chargers,25.0,2023-11-14 11:38:15,23.5,2023-11-14 11:38:27,Green Bay,20.85,2023-11-14 11:38:15,21.0,2023-11-14 11:38:27,22.913,22.135,45.048,0.521,0.479
Chicago,19.8,2023-11-14 11:38:15,26.35,2023-11-14 11:38:27,Detroit,26.7,2023-11-14 11:38:15,23.85,2023-11-14 11:38:27,21.731,26.524,48.255,0.367,0.633
Pittsburgh,17.7,2023-11-14 11:38:15,20.3,2023-11-14 11:38:27,Cleveland,22.5,2023-11-14 11:38:15,20.65,2023-11-14 11:38:27,19.118,21.372,40.49,0.436,0.564
Dallas,28.35,2023-11-14 11:38:15,19.0,2023-11-14 11:38:27,Carolina,18.7,2023-11-14 11:38:15,24.45,2023-11-14 11:38:27,26.328,18.849,45.177,0.701,0.299
Tampa Bay,19.0,2023-11-14 11:38:16,20.4,2023-11-14 11:38:27,San Francisco,26.95,2023-11-14 11:38:16,16.55,2023-11-14 11:38:27,17.733,23.447,41.18,0.343,0.657
NY Jets,16.7,2023-11-14 11:38:16,18.85,2023-11-14 11:38:27,Buffalo,26.95,2023-11-14 11:38:16,18.75,2023-11-14 11:38:27,17.695,22.539,40.234,0.366,0.634
Seattle,23.05,2023-11-14 11:38:16,23.45,2023-11-14 11:38:27,LA Rams,18.95,2023-11-14 11:38:16,22.65,2023-11-14 11:38:27,22.849,21.08,43.929,0.549,0.451
Minnesota,24.1,2023-11-14 11:38:16,23.15,2023-11-14 11:38:27,Denver,19.35,2023-11-14 11:38:16,24.35,2023-11-14 11:38:27,24.225,21.165,45.39,0.585,0.415
Philadelphia,28.55,2023-11-14 11:38:17,20.75,2023-11-14 11:38:28,Kansas City,26.15,2023-11-14 11:38:17,19.05,2023-11-14 11:38:28,23.321,23.294,46.615,0.501,0.499
Green Bay,21.0,2023-11-21 11:38:28,21.0,2023-11-21 11:38:44,Detroit,26.9,2023-11-21 11:38:28,24.0,2023-11-21 11:38:44,22.45,23.768,46.218,0.463,0.537
Washington,20.2,2023-11-21 11:38:29,23.95,2023-11-21 11:38:44,Dallas,28.5,2023-11-21 11:38:29,18.6,2023-11-21 11:38:44,19.383,26.126,45.51,0.316,0.684
San Francisco,26.9,2023-11-21 11:38:29,16.45,2023-11-21 11:38:44,Seattle,22.75,2023-11-21 11:38:29,23.2,2023-11-21 11:38:44,24.982,19.345,44.327,0.654,0.346
Miami,27.15,2023-11-21 11:38:29,23.95,2023-11-21 11:38:44,NY Jets,16.2,2023-11-21 11:38:29,19.5,2023-11-21 11:38:44,23.009,19.697,42.707,0.593,0.407
Carolina,18.35,2023-11-21 11:38:29,24.75,2023-11-21 11:38:44,Tennessee,17.15,2023-11-21 11:38:29,21.25,2023-11-21 11:38:44,19.747,20.602,40.349,0.477,0.523
New England,17.75,2023-11-21 11:38:29,22.1,2023-11-21 11:38:45,NY Giants,17.35,2023-11-21 11:38:29,24.35,2023-11-21 11:38:45,20.79,19.581,40.371,0.533,0.467
Tampa Bay,18.7,2023-11-21 11:38:29,20.8,2023-11-21 11:38:45,Indianapolis,20.6,2023-11-21 11:38:29,24.95,2023-11-21 11:38:45,21.6,20.7,42.3,0.525,0.475
Jacksonville,23.45,2023-11-21 11:38:29,20.9,2023-11-21 11:38:45,Houston,20.4,2023-11-21 11:38:29,22.75,2023-11-21 11:38:45,23.097,20.648,43.746,0.569,0.431
Pittsburgh,17.35,2023-11-21 11:38:29,19.95,2023-11-21 11:38:45,Cincinnati,22.95,2023-11-21 11:38:29,21.1,2023-11-21 11:38:45,19.133,21.397,40.531,0.437,0.563
New Orleans,20.4,2023-11-21 11:38:29,20.05,2023-11-21 11:38:45,Atlanta,20.2,2023-11-21 11:38:29,22.2,2023-11-21 11:38:45,21.281,20.125,41.406,0.532,0.468
LA Rams,18.8,2023-11-21 11:38:30,22.3,2023-11-21 11:38:45,Arizona,18.75,2023-11-21 11:38:30,26.1,2023-11-21 11:38:45,22.151,20.448,42.599,0.548,0.452
Cleveland,21.95,2023-11-21 11:38:30,20.2,2023-11-21 11:38:45,Denver,19.3,2023-11-21 11:38:30,23.95,2023-11-21 11:38:45,22.928,19.745,42.673,0.589,0.411
Kansas City,25.85,2023-11-21 11:38:30,19.3,2023-11-21 11:38:45,Las Vegas,20.0,2023-11-21 11:38:30,22.55,2023-11-21 11:38:45,24.144,19.647,43.791,0.625,0.375
Buffalo,27.2,2023-11-21 11:38:30,18.2,2023-11-21 11:38:45,Philadelphia,28.2,2023-11-21 11:38:30,20.5,2023-11-21 11:38:45,23.614,22.655,46.268,0.527,0.473
Baltimore,24.0,2023-11-21 11:38:30,17.45,2023-11-21 11:38:46,LA Chargers,24.65,2023-11-21 11:38:30,23.45,2023-11-21 11:38:46,23.723,20.74,44.463,0.583,0.417
Chicago,20.05,2023-11-21 11:38:30,26.6,2023-11-21 11:38:46,Minnesota,23.95,2023-11-21 11:38:30,23.15,2023-11-21 11:38:46,21.544,25.24,46.785,0.397,0.603
Seattle,22.35,2023-11-28 11:37:42,23.6,2023-11-28 11:37:51,Dallas,29.15,2023-11-28 11:37:42,18.25,2023-11-28 11:37:51,20.196,26.229,46.425,0.335,0.665
Denver,19.65,2023-11-28 11:37:42,23.3,2023-11-28 11:37:51,Houston,20.25,2023-11-28 11:37:42,22.9,2023-11-28 11:37:51,21.213,21.722,42.934,0.486,0.514
Miami,27.3,2023-11-28 11:37:42,23.45,2023-11-28 11:37:52,Washington,19.7,2023-11-28 11:37:42,24.7,2023-11-28 11:37:52,25.967,21.493,47.461,0.624,0.376
Indianapolis,20.75,2023-11-28 11:37:42,24.75,2023-11-28 11:37:52,Tennessee,17.15,2023-11-28 11:37:42,20.75,2023-11-28 11:37:52,20.75,20.602,41.352,0.504,0.496
Arizona,18.6,2023-11-28 11:37:42,26.6,2023-11-28 11:37:52,Pittsburgh,17.3,2023-11-28 11:37:42,19.5,2023-11-28 11:37:52,19.045,21.452,40.496,0.433,0.567
Atlanta,20.45,2023-11-28 11:37:42,21.9,2023-11-28 11:37:52,NY Jets,16.1,2023-11-28 11:37:42,20.1,2023-11-28 11:37:52,20.274,18.777,39.052,0.542,0.458
Detroit,26.65,2023-11-28 11:37:43,24.3,2023-11-28 11:37:52,New Orleans,20.1,2023-11-28 11:37:43,20.25,2023-11-28 11:37:52,23.231,22.1,45.331,0.532,0.468
LA Chargers,23.95,2023-11-28 11:37:43,23.3,2023-11-28 11:37:52,New England,17.45,2023-11-28 11:37:43,21.45,2023-11-28 11:37:52,22.666,20.164,42.83,0.57,0.43
Carolina,18.05,2023-11-28 11:37:43,24.25,2023-11-28 11:37:52,Tampa Bay,18.75,2023-11-28 11:37:43,21.1,2023-11-28 11:37:52,19.516,21.323,40.839,0.45,0.55
Cleveland,21.45,2023-11-28 11:37:43,20.7,2023-11-28 11:37:53,LA Rams,19.6,2023-11-28 11:37:43,21.95,2023-11-28 11:37:53,21.699,20.142,41.841,0.544,0.456
San Francisco,27.05,2023-11-28 11:37:43,16.35,2023-11-28 11:37:53,Philadelphia,28.65,2023-11-28 11:37:43,21.1,2023-11-28 11:37:53,23.89,21.643,45.534,0.563,0.437
Kansas City,26.25,2023-11-28 11:37:43,19.35,2023-11-28 11:37:53,Green Bay,21.4,2023-11-28 11:37:43,21.1,2023-11-28 11:37:53,23.535,20.349,43.884,0.589,0.411
Cincinnati,22.5,2023-11-28 11:37:44,20.8,2023-11-28 11:37:53,Jacksonville,23.5,2023-11-28 11:37:44,20.95,2023-11-28 11:37:53,21.711,22.109,43.82,0.489,0.511
New England,16.85,2023-12-05 11:38:20,20.8,2023-12-05 11:38:37,Pittsburgh,17.05,2023-12-05 11:38:20,19.75,2023-12-05 11:38:37,18.242,18.832,37.074,0.483,0.517
Houston,20.2,2023-12-05 11:38:21,22.75,2023-12-05 11:38:37,NY Jets,15.85,2023-12-05 11:38:21,19.75,2023-12-05 11:38:37,19.974,18.989,38.963,0.527,0.473
Carolina,18.15,2023-12-05 11:38:21,24.05,2023-12-05 11:38:37,New Orleans,20.4,2023-12-05 11:38:21,20.8,2023-12-05 11:38:37,19.43,22.15,41.58,0.424,0.576
Jacksonville,23.85,2023-12-05 11:38:21,21.5,2023-12-05 11:38:37,Cleveland,21.35,2023-12-05 11:38:21,21.4,2023-12-05 11:38:37,22.592,21.425,44.017,0.534,0.466
Indianapolis,21.0,2023-12-05 11:38:21,24.9,2023-12-05 11:38:37,Cincinnati,23.1,2023-12-05 11:38:21,21.2,2023-12-05 11:38:37,21.1,23.983,45.083,0.42,0.58
Detroit,26.95,2023-12-05 11:38:21,24.45,2023-12-05 11:38:37,Chicago,19.7,2023-12-05 11:38:21,25.95,2023-12-05 11:38:37,26.445,21.947,48.392,0.625,0.375
LA Rams,20.2,2023-12-05 11:38:21,21.85,2023-12-05 11:38:37,Baltimore,23.7,2023-12-05 11:38:21,17.2,2023-12-05 11:38:37,18.64,22.756,41.396,0.386,0.614
Tampa Bay,18.8,2023-12-05 11:38:21,21.0,2023-12-05 11:38:38,Atlanta,20.15,2023-12-05 11:38:21,21.35,2023-12-05 11:38:38,20.034,20.571,40.605,0.484,0.516
Minnesota,23.4,2023-12-05 11:38:21,22.8,2023-12-05 11:38:38,Las Vegas,20.0,2023-12-05 11:38:21,22.95,2023-12-05 11:38:38,23.174,21.354,44.528,0.551,0.449
Seattle,22.95,2023-12-05 11:38:22,24.4,2023-12-05 11:38:38,San Francisco,27.6,2023-12-05 11:38:22,16.5,2023-12-05 11:38:38,19.46,25.951,45.41,0.323,0.677
Denver,19.4,2023-12-05 11:38:22,23.15,2023-12-05 11:38:38,LA Chargers,23.15,2023-12-05 11:38:22,22.3,2023-12-05 11:38:38,20.8,23.15,43.95,0.433,0.567
Buffalo,27.5,2023-12-05 11:38:22,19.0,2023-12-05 11:38:38,Kansas City,26.05,2023-12-05 11:38:22,19.75,2023-12-05 11:38:38,23.305,22.247,45.553,0.529,0.471
Philadelphia,28.25,2023-12-05 11:38:22,21.9,2023-12-05 11:38:38,Dallas,29.55,2023-12-05 11:38:22,19.0,2023-12-05 11:38:38,23.168,25.439,48.607,0.437,0.563
Tennessee,17.65,2023-12-05 11:38:22,21.2,2023-12-05 11:38:38,Miami,27.9,2023-12-05 11:38:22,23.15,2023-12-05 11:38:38,20.214,24.32,44.534,0.386,0.614
Green Bay,21.65,2023-12-05 11:38:22,21.05,2023-12-05 11:38:38,NY Giants,17.25,2023-12-05 11:38:22,23.55,2023-12-05 11:38:38,22.58,19.056,41.636,0.598,0.402
LA Chargers,22.55,2023-12-12 11:37:59,22.4,2023-12-12 11:38:06,Las Vegas,19.35,2023-12-12 11:37:59,22.25,2023-12-12 11:38:06,22.399,20.819,43.219,0.544,0.456
Minnesota,22.7,2023-12-12 11:37:59,22.0,2023-12-12 11:38:06,Cincinnati,23.6,2023-12-12 11:37:59,20.85,2023-12-12 11:38:06,21.755,22.786,44.541,0.47,0.53
Pittsburgh,17.15,2023-12-12 11:37:59,19.8,2023-12-12 11:38:06,Indianapolis,20.6,2023-12-12 11:37:59,25.25,2023-12-12 11:38:06,20.81,20.196,41.006,0.518,0.482
Denver,19.5,2023-12-12 11:37:59,22.45,2023-12-12 11:38:06,Detroit,26.4,2023-12-12 11:37:59,24.65,2023-12-12 11:38:06,21.924,24.345,46.269,0.432,0.568
Houston,19.55,2023-12-12 11:37:59,23.1,2023-12-12 11:38:06,Tennessee,18.0,2023-12-12 11:37:59,21.4,2023-12-12 11:38:06,20.454,20.391,40.845,0.502,0.498
NY Giants,17.65,2023-12-12 11:37:59,23.5,2023-12-12 11:38:06,New Orleans,20.65,2023-12-12 11:37:59,20.2,2023-12-12 11:38:06,18.882,22.029,40.911,0.412,0.588
NY Jets,16.45,2023-12-12 11:37:59,19.2,2023-12-12 11:38:07,Miami,27.7,2023-12-12 11:37:59,23.35,2023-12-12 11:38:07,19.599,23.062,42.66,0.403,0.597
Tampa Bay,19.2,2023-12-12 11:37:59,21.2,2023-12-12 11:38:07,Green Bay,21.65,2023-12-12 11:37:59,21.15,2023-12-12 11:38:07,20.151,21.424,41.575,0.464,0.536
Chicago,20.0,2023-12-12 11:37:59,25.5,2023-12-12 11:38:07,Cleveland,21.7,2023-12-12 11:37:59,21.65,2023-12-12 11:38:07,20.809,23.523,44.332,0.424,0.576
Atlanta,20.4,2023-12-12 11:37:59,21.7,2023-12-12 11:38:07,Carolina,17.8,2023-12-12 11:37:59,24.1,2023-12-12 11:38:07,22.173,19.653,41.826,0.571,0.429
Kansas City,25.85,2023-12-12 11:37:59,19.85,2023-12-12 11:38:07,New England,17.2,2023-12-12 11:37:59,20.65,2023-12-12 11:38:07,23.104,18.478,41.582,0.628,0.372
San Francisco,27.55,2023-12-12 11:38:00,16.5,2023-12-12 11:38:07,Arizona,18.85,2023-12-12 11:38:00,25.95,2023-12-12 11:38:07,26.738,17.636,44.374,0.739,0.261
Washington,19.5,2023-12-12 11:38:00,25.3,2023-12-12 11:38:07,LA Rams,20.55,2023-12-12 11:38:00,22.45,2023-12-12 11:38:07,20.923,22.802,43.725,0.447,0.553
Dallas,29.6,2023-12-12 11:38:00,18.8,2023-12-12 11:38:07,Buffalo,27.25,2023-12-12 11:38:00,18.95,2023-12-12 11:38:07,23.684,22.634,46.318,0.529,0.471
Baltimore,24.1,2023-12-12 11:38:00,17.8,2023-12-12 11:38:07,Jacksonville,23.95,2023-12-12 11:38:00,21.85,2023-12-12 11:38:07,22.947,20.647,43.595,0.564,0.436
Philadelphia,27.7,2023-12-12 11:38:00,22.25,2023-12-12 11:38:07,Seattle,22.7,2023-12-12 11:38:00,24.55,2023-12-12 11:38:07,26.077,22.474,48.551,0.601,0.399
LA Chargers,22.55,2023-12-12 11:37:59,22.4,2023-12-12 11:38:06,Las Vegas,19.35,2023-12-12 11:37:59,22.25,2023-12-12 11:38:06,22.399,20.819,43.219,0.545,0.455
Minnesota,22.7,2023-12-12 11:37:59,22.0,2023-12-12 11:38:06,Cincinnati,23.6,2023-12-12 11:37:59,20.85,2023-12-12 11:38:06,21.755,22.786,44.541,0.471,0.529
Pittsburgh,17.15,2023-12-12 11:37:59,19.8,2023-12-12 11:38:06,Indianapolis,20.6,2023-12-12 11:37:59,25.25,2023-12-12 11:38:06,20.81,20.196,41.006,0.517,0.483
Denver,19.5,2023-12-12 11:37:59,22.45,2023-12-12 11:38:06,Detroit,26.4,2023-12-12 11:37:59,24.65,2023-12-12 11:38:06,21.924,24.345,46.269,0.433,0.567
Houston,19.55,2023-12-12 11:37:59,23.1,2023-12-12 11:38:06,Tennessee,18.0,2023-12-12 11:37:59,21.4,2023-12-12 11:38:06,20.454,20.391,40.845,0.502,0.498
NY Giants,17.65,2023-12-12 11:37:59,23.5,2023-12-12 11:38:06,New Orleans,20.65,2023-12-12 11:37:59,20.2,2023-12-12 11:38:06,18.882,22.029,40.911,0.412,0.588
NY Jets,16.45,2023-12-12 11:37:59,19.2,2023-12-12 11:38:07,Miami,27.7,2023-12-12 11:37:59,23.35,2023-12-12 11:38:07,19.599,23.062,42.66,0.404,0.596
Tampa Bay,19.2,2023-12-12 11:37:59,21.2,2023-12-12 11:38:07,Green Bay,21.65,2023-12-12 11:37:59,21.15,2023-12-12 11:38:07,20.151,21.424,41.575,0.465,0.535
Chicago,20.0,2023-12-12 11:37:59,25.5,2023-12-12 11:38:07,Cleveland,21.7,2023-12-12 11:37:59,21.65,2023-12-12 11:38:07,20.809,23.523,44.332,0.424,0.576
Atlanta,20.4,2023-12-12 11:37:59,21.7,2023-12-12 11:38:07,Carolina,17.8,2023-12-12 11:37:59,24.1,2023-12-12 11:38:07,22.173,19.653,41.826,0.57,0.43
Kansas City,25.85,2023-12-12 11:37:59,19.85,2023-12-12 11:38:07,New England,17.2,2023-12-12 11:37:59,20.65,2023-12-12 11:38:07,23.104,18.478,41.582,0.628,0.372
San Francisco,27.55,2023-12-12 11:38:00,16.5,2023-12-12 11:38:07,Arizona,18.85,2023-12-12 11:38:00,25.95,2023-12-12 11:38:07,26.738,17.636,44.374,0.74,0.26
Washington,19.5,2023-12-12 11:38:00,25.3,2023-12-12 11:38:07,LA Rams,20.55,2023-12-12 11:38:00,22.45,2023-12-12 11:38:07,20.923,22.802,43.725,0.447,0.553
Dallas,29.6,2023-12-12 11:38:00,18.8,2023-12-12 11:38:07,Buffalo,27.25,2023-12-12 11:38:00,18.95,2023-12-12 11:38:07,23.684,22.634,46.318,0.529,0.471
Baltimore,24.1,2023-12-12 11:38:00,17.8,2023-12-12 11:38:07,Jacksonville,23.95,2023-12-12 11:38:00,21.85,2023-12-12 11:38:07,22.947,20.647,43.595,0.564,0.436
Philadelphia,27.7,2023-12-12 11:38:00,22.25,2023-12-12 11:38:07,Seattle,22.7,2023-12-12 11:38:00,24.55,2023-12-12 11:38:07,26.077,22.474,48.551,0.601,0.399
New Orleans,20.75,2023-12-19 11:46:16,19.7,2023-12-19 11:50:39,LA Rams,20.75,2023-12-19 11:46:16,22.35,2023-12-19 11:50:39,21.535,20.218,41.753,0.538,0.462
Cincinnati,23.8,2023-12-19 11:46:16,20.9,2023-12-19 11:50:39,Pittsburgh,17.0,2023-12-19 11:46:16,20.2,2023-12-19 11:50:39,21.926,18.849,40.776,0.585,0.415
Buffalo,27.4,2023-12-19 11:46:16,18.6,2023-12-19 11:50:39,LA Chargers,22.5,2023-12-19 11:46:16,23.85,2023-12-19 11:50:39,25.563,20.457,46.021,0.641,0.359
Seattle,22.65,2023-12-19 11:46:16,24.25,2023-12-19 11:50:39,Tennessee,17.95,2023-12-19 11:46:16,21.3,2023-12-19 11:50:39,21.965,20.864,42.828,0.532,0.468
Washington,19.5,2023-12-19 11:46:16,25.2,2023-12-19 11:50:39,NY Jets,15.9,2023-12-19 11:46:16,19.55,2023-12-19 11:50:39,19.525,20.017,39.542,0.486,0.514
Detroit,26.95,2023-12-19 11:46:17,24.35,2023-12-19 11:50:40,Minnesota,22.8,2023-12-19 11:46:17,22.3,2023-12-19 11:50:40,24.515,23.562,48.077,0.527,0.473
Cleveland,21.65,2023-12-19 11:46:17,21.5,2023-12-19 11:50:40,Houston,19.45,2023-12-19 11:46:17,22.9,2023-12-19 11:50:40,22.266,20.449,42.716,0.552,0.448
Green Bay,21.6,2023-12-19 11:46:17,21.65,2023-12-19 11:50:40,Carolina,17.55,2023-12-19 11:46:17,23.45,2023-12-19 11:50:40,22.506,19.492,41.998,0.584,0.416
Indianapolis,20.8,2023-12-19 11:46:17,24.8,2023-12-19 11:50:40,Atlanta,19.95,2023-12-19 11:46:17,21.3,2023-12-19 11:50:40,21.049,22.243,43.292,0.467,0.533
Jacksonville,23.35,2023-12-19 11:46:17,21.9,2023-12-19 11:50:40,Tampa Bay,19.65,2023-12-19 11:46:17,21.15,2023-12-19 11:50:40,22.223,20.745,42.967,0.542,0.458
Dallas,28.8,2023-12-19 11:46:17,19.3,2023-12-19 11:50:40,Miami,27.65,2023-12-19 11:46:17,22.55,2023-12-19 11:50:40,25.484,23.101,48.585,0.567,0.433
Arizona,19.25,2023-12-19 11:46:17,26.65,2023-12-19 11:50:40,Chicago,19.85,2023-12-19 11:46:17,25.35,2023-12-19 11:50:40,22.09,23.0,45.09,0.474,0.526
New England,17.35,2023-12-19 11:46:18,20.9,2023-12-19 11:50:41,Denver,19.3,2023-12-19 11:46:18,23.1,2023-12-19 11:50:41,20.02,20.084,40.104,0.499,0.501
Las Vegas,21.05,2023-12-19 11:46:18,22.3,2023-12-19 11:50:41,Kansas City,26.0,2023-12-19 11:46:18,19.85,2023-12-19 11:50:41,20.441,24.079,44.52,0.398,0.602
NY Giants,17.35,2023-12-19 11:46:18,23.45,2023-12-19 11:50:41,Philadelphia,27.35,2023-12-19 11:46:18,22.1,2023-12-19 11:50:41,19.581,25.325,44.907,0.342,0.658
Baltimore,23.9,2023-12-19 11:46:18,17.45,2023-12-19 11:50:41,San Francisco,28.15,2023-12-19 11:46:18,16.95,2023-12-19 11:50:41,20.127,22.163,42.291,0.442,0.558
NY Jets,16.4,2023-12-26 12:10:19,19.8,2023-12-26 12:10:27,Cleveland,22.1,2023-12-26 12:10:19,21.55,2023-12-26 12:10:27,18.799,20.918,39.718,0.441,0.559
Detroit,27.05,2023-12-26 12:10:19,24.4,2023-12-26 12:10:28,Dallas,28.45,2023-12-26 12:10:19,19.4,2023-12-26 12:10:28,22.908,26.347,49.255,0.404,0.596
San Francisco,27.75,2023-12-26 12:10:19,17.5,2023-12-26 12:10:28,Washington,19.75,2023-12-26 12:10:19,25.2,2023-12-26 12:10:28,26.444,18.591,45.035,0.71,0.29
New Orleans,20.75,2023-12-26 12:10:19,20.05,2023-12-26 12:10:28,Tampa Bay,19.95,2023-12-26 12:10:19,20.85,2023-12-26 12:10:28,20.8,20.0,40.8,0.523,0.477
Arizona,19.15,2023-12-26 12:10:19,26.65,2023-12-26 12:10:29,Philadelphia,27.6,2023-12-26 12:10:19,22.1,2023-12-26 12:10:29,20.572,27.121,47.693,0.321,0.679
LA Rams,20.95,2023-12-26 12:10:20,22.35,2023-12-26 12:10:29,NY Giants,17.75,2023-12-26 12:10:20,23.75,2023-12-26 12:10:29,22.306,19.918,42.224,0.568,0.432
Carolina,18.05,2023-12-26 12:10:20,23.7,2023-12-26 12:10:29,Jacksonville,23.0,2023-12-26 12:10:20,22.15,2023-12-26 12:10:29,19.995,23.347,43.343,0.406,0.594
Las Vegas,21.1,2023-12-26 12:10:20,22.1,2023-12-26 12:10:29,Indianapolis,20.3,2023-12-26 12:10:20,24.95,2023-12-26 12:10:29,22.944,21.181,44.125,0.55,0.45
Tennessee,17.9,2023-12-26 12:10:20,21.25,2023-12-26 12:10:29,Houston,19.45,2023-12-26 12:10:20,23.4,2023-12-26 12:10:29,20.466,20.33,40.796,0.504,0.496
Atlanta,20.3,2023-12-26 12:10:20,20.95,2023-12-26 12:10:29,Chicago,20.05,2023-12-26 12:10:20,25.1,2023-12-26 12:10:29,22.573,20.495,43.068,0.559,0.441
New England,17.75,2023-12-26 12:10:20,20.95,2023-12-26 12:10:29,Buffalo,27.3,2023-12-26 12:10:20,18.75,2023-12-26 12:10:29,18.243,23.915,42.158,0.344,0.656
Miami,27.35,2023-12-26 12:10:20,22.5,2023-12-26 12:10:29,Baltimore,24.1,2023-12-26 12:10:20,17.55,2023-12-26 12:10:29,21.909,23.286,45.195,0.462,0.538
Pittsburgh,17.6,2023-12-26 12:10:20,19.9,2023-12-26 12:10:30,Seattle,22.6,2023-12-26 12:10:20,24.05,2023-12-26 12:10:30,20.574,21.207,41.781,0.482,0.518
LA Chargers,22.55,2023-12-26 12:10:20,23.85,2023-12-26 12:10:30,Denver,19.35,2023-12-26 12:10:20,23.1,2023-12-26 12:10:30,22.823,21.482,44.306,0.538,0.462
Cincinnati,23.45,2023-12-26 12:10:21,21.3,2023-12-26 12:10:30,Kansas City,25.7,2023-12-26 12:10:21,19.95,2023-12-26 12:10:30,21.629,23.397,45.026,0.45,0.55
Green Bay,22.0,2023-12-26 12:10:21,21.95,2023-12-26 12:10:30,Minnesota,22.9,2023-12-26 12:10:21,22.65,2023-12-26 12:10:30,22.323,22.42,44.743,0.497,0.503
Pittsburgh,18.0,2024-01-02 12:10:59,20.0,2024-01-02 12:11:15,Baltimore,25.0,2024-01-02 12:10:59,17.6,2024-01-02 12:11:15,17.799,22.361,40.16,0.374,0.626
Houston,19.55,2024-01-02 12:10:59,22.8,2024-01-02 12:11:15,Indianapolis,20.3,2024-01-02 12:10:59,24.8,2024-01-02 12:11:15,22.019,21.514,43.533,0.514,0.486
NY Jets,16.55,2024-01-02 12:10:59,20.3,2024-01-02 12:11:15,New England,18.0,2024-01-02 12:10:59,21.1,2024-01-02 12:11:15,18.687,19.115,37.802,0.488,0.512
Atlanta,20.25,2024-01-02 12:10:59,21.5,2024-01-02 12:11:15,New Orleans,20.75,2024-01-02 12:10:59,19.85,2024-01-02 12:11:15,20.049,21.122,41.171,0.47,0.53
Jacksonville,23.1,2024-01-02 12:10:59,21.4,2024-01-02 12:11:15,Tennessee,17.4,2024-01-02 12:10:59,21.4,2024-01-02 12:11:15,22.234,19.297,41.53,0.583,0.417
Minnesota,22.6,2024-01-02 12:10:59,23.1,2024-01-02 12:11:16,Detroit,26.75,2024-01-02 12:10:59,24.25,2024-01-02 12:11:16,23.41,24.858,48.269,0.459,0.541
Cleveland,22.55,2024-01-02 12:10:59,21.55,2024-01-02 12:11:16,Cincinnati,23.3,2024-01-02 12:10:59,21.35,2024-01-02 12:11:16,21.942,22.408,44.35,0.486,0.514
Tampa Bay,19.7,2024-01-02 12:10:59,20.95,2024-01-02 12:11:16,Carolina,17.6,2024-01-02 12:10:59,23.7,2024-01-02 12:11:16,21.608,19.202,40.81,0.567,0.433
LA Rams,21.0,2024-01-02 12:11:00,22.45,2024-01-02 12:11:16,San Francisco,27.65,2024-01-02 12:11:00,17.25,2024-01-02 12:11:16,19.033,24.915,43.948,0.339,0.661
Philadelphia,27.75,2024-01-02 12:11:00,22.45,2024-01-02 12:11:16,NY Giants,18.05,2024-01-02 12:11:00,23.8,2024-01-02 12:11:16,25.699,20.13,45.829,0.653,0.347
Seattle,22.65,2024-01-02 12:11:00,24.25,2024-01-02 12:11:16,Arizona,19.7,2024-01-02 12:11:00,26.75,2024-01-02 12:11:16,24.615,21.857,46.472,0.577,0.423
Denver,19.15,2024-01-02 12:11:00,22.6,2024-01-02 12:11:16,Las Vegas,21.15,2024-01-02 12:11:00,22.2,2024-01-02 12:11:16,20.619,21.863,42.482,0.465,0.535
Kansas City,25.8,2024-01-02 12:11:00,19.9,2024-01-02 12:11:17,LA Chargers,22.15,2024-01-02 12:11:00,23.6,2024-01-02 12:11:17,24.675,20.995,45.67,0.603,0.397
Chicago,20.55,2024-01-02 12:11:00,24.9,2024-01-02 12:11:17,Green Bay,22.35,2024-01-02 12:11:00,21.55,2024-01-02 12:11:17,21.044,23.591,44.635,0.428,0.572
Dallas,28.1,2024-01-02 12:11:00,19.4,2024-01-02 12:11:17,Washington,19.4,2024-01-02 12:11:00,25.1,2024-01-02 12:11:17,26.558,19.4,45.958,0.694,0.306
Buffalo,27.3,2024-01-02 12:11:01,18.85,2024-01-02 12:11:17,Miami,26.95,2024-01-02 12:11:01,23.6,2024-01-02 12:11:17,25.383,22.539,47.922,0.579,0.421
Cleveland,22.25,2024-01-09 12:11:10,21.85,2024-01-09 12:11:25,Houston,19.6,2024-01-09 12:11:10,22.75,2024-01-09 12:11:25,22.499,20.694,43.193,0.55,0.45
Miami,26.5,2024-01-09 12:11:10,23.55,2024-01-09 12:11:25,Kansas City,25.5,2024-01-09 12:11:10,19.75,2024-01-09 12:11:25,22.877,24.506,47.383,0.454,0.546
Pittsburgh,18.0,2024-01-09 12:11:10,19.75,2024-01-09 12:11:25,Buffalo,27.1,2024-01-09 12:11:10,18.7,2024-01-09 12:11:25,18.347,23.135,41.482,0.367,0.633
Green Bay,22.15,2024-01-09 12:11:10,21.2,2024-01-09 12:11:25,Dallas,28.35,2024-01-09 12:11:10,19.1,2024-01-09 12:11:25,20.569,24.516,45.084,0.39,0.61
LA Rams,20.95,2024-01-09 12:11:10,22.4,2024-01-09 12:11:25,Detroit,26.85,2024-01-09 12:11:10,24.15,2024-01-09 12:11:25,22.493,24.524,47.017,0.443,0.557
Philadelphia,27.3,2024-01-09 12:11:10,22.5,2024-01-09 12:11:25,Tampa Bay,19.35,2024-01-09 12:11:10,20.35,2024-01-09 12:11:25,23.57,20.866,44.436,0.576,0.424
Houston,20.2,2024-01-16 12:11:47,22.55,2024-01-16 12:11:58,Baltimore,24.4,2024-01-16 12:11:47,17.65,2024-01-16 12:11:58,18.882,23.457,42.339,0.373,0.627
Green Bay,22.85,2024-01-16 12:11:47,21.5,2024-01-16 12:11:58,San Francisco,27.4,2024-01-16 12:11:47,17.35,2024-01-16 12:11:58,19.911,24.271,44.182,0.38,0.62
Tampa Bay,19.65,2024-01-16 12:11:47,20.1,2024-01-16 12:11:58,Detroit,26.75,2024-01-16 12:11:47,24.15,2024-01-16 12:11:58,21.784,23.188,44.972,0.461,0.539
Kansas City,25.65,2024-01-16 12:11:47,19.45,2024-01-16 12:11:58,Buffalo,27.25,2024-01-16 12:11:47,18.65,2024-01-16 12:11:58,21.872,23.022,44.894,0.468,0.532
Houston,20.2,2024-01-16 12:11:47,22.55,2024-01-16 12:11:58,Baltimore,24.4,2024-01-16 12:11:47,17.65,2024-01-16 12:11:58,18.882,23.457,42.339,0.374,0.626
Green Bay,22.85,2024-01-16 12:11:47,21.5,2024-01-16 12:11:58,San Francisco,27.4,2024-01-16 12:11:47,17.35,2024-01-16 12:11:58,19.911,24.271,44.182,0.379,0.621
Tampa Bay,19.65,2024-01-16 12:11:47,20.1,2024-01-16 12:11:58,Detroit,26.75,2024-01-16 12:11:47,24.15,2024-01-16 12:11:58,21.784,23.188,44.972,0.461,0.539
Kansas City,25.65,2024-01-16 12:11:47,19.45,2024-01-16 12:11:58,Buffalo,27.25,2024-01-16 12:11:47,18.65,2024-01-16 12:11:58,21.872,23.022,44.894,0.468,0.532
Kansas City,25.75,2024-01-23 09:24:04,19.65,2024-01-23 09:23:59,Baltimore,24.55,2024-01-23 09:24:04,17.45,2024-01-23 09:23:59,21.198,21.964,43.161,0.479,0.521
Detroit,26.9,2024-01-23 09:24:04,24.15,2024-01-23 09:23:59,San Francisco,27.25,2024-01-23 09:24:04,17.45,2024-01-23 09:23:59,21.666,25.653,47.319,0.39,0.61
San Francisco,27.4,2024-01-30 12:09:46,17.8,2024-01-30 12:09:53,Kansas City,25.65,2024-01-30 12:09:46,19.5,2024-01-30 12:09:53,23.115,21.367,44.482,0.549,0.451
San Francisco,27.4,2024-02-06 12:10:25,17.8,2024-02-06 12:10:40,Kansas City,25.65,2024-02-06 12:10:25,19.5,2024-02-06 12:10:40,23.115,21.367,44.482,0.549,0.451
